<Ui xmlns="http://www.blizzard.com/wow/ui/" xmlns:xsi="http://www.w3.org/2001/XMLSchema-instance" xsi:schemaLocation="http://www.blizzard.com/wow/ui/
..\FrameXML\UI.xsd">
	<Script file="myUIDropDownMenu.lua"/>
	<Include file="myUIDropDownMenuTemplates.xml"/>
	<Button name="myDropDownList1" toplevel="true" frameStrata="FULLSCREEN_DIALOG" inherits="myUIDropDownListTemplate" hidden="true" id="1">
		<Size>
			<AbsDimension x="180" y="10"/>
		</Size>
		<Scripts>
			<OnLoad>
				local _G, _ = _G or getfenv()
				local fontName, fontHeight, fontFlags = _G["DropDownList1Button1NormalText"]:GetFont();
				MYUIDROPDOWNMENU_DEFAULT_TEXT_HEIGHT = fontHeight;
			</OnLoad>
		</Scripts>
	</Button>
	<Button name="myDropDownList2" toplevel="true" frameStrata="FULLSCREEN_DIALOG" inherits="myUIDropDownListTemplate" hidden="true" id="2">
		<Size>
			<AbsDimension x="180" y="10"/>
		</Size>
	</Button>
</Ui>
